<?xml version="1.0" encoding="UTF-8"?>
<usms version="10.0">
<usm nom="bo96iN+">
<datedebut>1</datedebut>
<datefin>289</datefin>
<finit>bo96iN+_ini.xml</finit>
<nomsol>BOISJOLY</nomsol>
<fstation>boisjolj_sta.xml</fstation>
<fclim1>boisjolj.1996</fclim1>
<fclim2>boisjolj.1996</fclim2>
<culturean>1</culturean>
<nbplantes>1</nbplantes>
<codesimul>0</codesimul>
<plante dominance="1">
<fplt>maisopti_plt.xml</fplt>
<ftec>bo96iN+_tec.xml</ftec>
<flai>defaut.lai</flai>
<fobs>bo96iN+.obs</fobs>
</plante>
<plante dominance="2">
<fplt>null</fplt>
<ftec>null</ftec>
<flai>null</flai>
<fobs>null</fobs>
</plante>
</usm>
<usm nom="bou00t1">
<datedebut>1</datedebut>
<datefin>306</datefin>
<finit>bou00t1_ini.xml</finit>
<nomsol>BOUT100</nomsol>
<fstation>bouillaj_sta.xml</fstation>
<fclim1>bouillaj.2000</fclim1>
<fclim2>bouillaj.2000</fclim2>
<culturean>1</culturean>
<nbplantes>1</nbplantes>
<codesimul>0</codesimul>
<plante dominance="1">
<fplt>maisopti_plt.xml</fplt>
<ftec>bou00t1_tec.xml</ftec>
<flai>defaut.lai</flai>
<fobs>bou00t1.obs</fobs>
</plante>
<plante dominance="2">
<fplt>null</fplt>
<ftec>null</ftec>
<flai>null</flai>
<fobs>null</fobs>
</plante>
</usm>
<usm nom="bou00t3">
<datedebut>1</datedebut>
<datefin>306</datefin>
<finit>bou00t3_ini.xml</finit>
<nomsol>BOUT300</nomsol>
<fstation>bouillaj_sta.xml</fstation>
<fclim1>bouillaj.2000</fclim1>
<fclim2>bouillaj.2000</fclim2>
<culturean>1</culturean>
<nbplantes>1</nbplantes>
<codesimul>0</codesimul>
<plante dominance="1">
<fplt>maisopti_plt.xml</fplt>
<ftec>bou00t3_tec.xml</ftec>
<flai>defaut.lai</flai>
<fobs>bou00t3.obs</fobs>
</plante>
<plante dominance="2">
<fplt>null</fplt>
<ftec>null</ftec>
<flai>null</flai>
<fobs>null</fobs>
</plante>
</usm>
<usm nom="bou99t1">
<datedebut>1</datedebut>
<datefin>309</datefin>
<finit>bou99t1_ini.xml</finit>
<nomsol>BOUT199</nomsol>
<fstation>bouillaj_sta.xml</fstation>
<fclim1>bouillaj.1999</fclim1>
<fclim2>bouillaj.1999</fclim2>
<culturean>1</culturean>
<nbplantes>1</nbplantes>
<codesimul>0</codesimul>
<plante dominance="1">
<fplt>maisopti_plt.xml</fplt>
<ftec>bou99t1_tec.xml</ftec>
<flai>defaut.lai</flai>
<fobs>bou99t1.obs</fobs>
</plante>
<plante dominance="2">
<fplt>null</fplt>
<ftec>null</ftec>
<flai>null</flai>
<fobs>null</fobs>
</plante>
</usm>
<usm nom="bou99t3">
<datedebut>1</datedebut>
<datefin>309</datefin>
<finit>bou99t3_ini.xml</finit>
<nomsol>BOUT399</nomsol>
<fstation>bouillaj_sta.xml</fstation>
<fclim1>bouillaj.1999</fclim1>
<fclim2>bouillaj.1999</fclim2>
<culturean>1</culturean>
<nbplantes>1</nbplantes>
<codesimul>0</codesimul>
<plante dominance="1">
<fplt>maisopti_plt.xml</fplt>
<ftec>bou99t3_tec.xml</ftec>
<flai>defaut.lai</flai>
<fobs>bou99t3.obs</fobs>
</plante>
<plante dominance="2">
<fplt>null</fplt>
<ftec>null</ftec>
<flai>null</flai>
<fobs>null</fobs>
</plante>
</usm>
<usm nom="lu96iN+">
<datedebut>1</datedebut>
<datefin>290</datefin>
<finit>lu96iN+_ini.xml</finit>
<nomsol>LUSIGNAN</nomsol>
<fstation>lusignaj_sta.xml</fstation>
<fclim1>lusignaj.1996</fclim1>
<fclim2>lusignaj.1996</fclim2>
<culturean>1</culturean>
<nbplantes>1</nbplantes>
<codesimul>0</codesimul>
<plante dominance="1">
<fplt>maisopti_plt.xml</fplt>
<ftec>lu96iN+_tec.xml</ftec>
<flai>defaut.lai</flai>
<fobs>lu96iN+.obs</fobs>
</plante>
<plante dominance="2">
<fplt>null</fplt>
<ftec>null</ftec>
<flai>null</flai>
<fobs>null</fobs>
</plante>
</usm>
<usm nom="lu96iN6">
<datedebut>1</datedebut>
<datefin>290</datefin>
<finit>lu96iN6_ini.xml</finit>
<nomsol>LUSIGNAN</nomsol>
<fstation>lusignaj_sta.xml</fstation>
<fclim1>lusignaj.1996</fclim1>
<fclim2>lusignaj.1996</fclim2>
<culturean>1</culturean>
<nbplantes>1</nbplantes>
<codesimul>0</codesimul>
<plante dominance="1">
<fplt>maisopti_plt.xml</fplt>
<ftec>lu96iN6_tec.xml</ftec>
<flai>defaut.lai</flai>
<fobs>lu96iN6.obs</fobs>
</plante>
<plante dominance="2">
<fplt>null</fplt>
<ftec>null</ftec>
<flai>null</flai>
<fobs>null</fobs>
</plante>
</usm>
<usm nom="lu97iN+">
<datedebut>1</datedebut>
<datefin>283</datefin>
<finit>lu97iN+_ini.xml</finit>
<nomsol>LUSIGNAN</nomsol>
<fstation>lusignaj_sta.xml</fstation>
<fclim1>lusignaj.1997</fclim1>
<fclim2>lusignaj.1997</fclim2>
<culturean>1</culturean>
<nbplantes>1</nbplantes>
<codesimul>0</codesimul>
<plante dominance="1">
<fplt>maisopti_plt.xml</fplt>
<ftec>lu97iN+_tec.xml</ftec>
<flai>defaut.lai</flai>
<fobs>lu97iN+.obs</fobs>
</plante>
<plante dominance="2">
<fplt>null</fplt>
<ftec>null</ftec>
<flai>null</flai>
<fobs>null</fobs>
</plante>
</usm>
</usms>
