<?xml version="1.0" encoding="UTF-8" standalone="no"?>
<fichierparamgen version="10.1.0">
  <formalisme nom="Specificities of Quinoa">
    <option choix="2" nom="Option to replace rainfall by irrigation at hole depth in the case of hole sowing" nomParam="codepluiepoquet">
      <choix code="1" nom="yes">
        <param format="integer" max="0" min="0" nom="nbjoursrrversirrig">15</param>
      </choix>
      <choix code="2" nom="no"/>
    </option>
  </formalisme>
  <formalisme nom="Fertilisation driving">
    <option choix="2" nom="automatic calculation of fertilisation" nomParam="codecalferti">
      <choix code="1" nom="yes">
        <param format="real" max="1.0" min="0.2" nom="ratiolN">0.00000</param>
        <param format="real" max="500.0" min="5.0" nom="dosimxN">40.00000</param>
        <option choix="1" nom="automatic N fertilisation (1 = based on rainfall, 2 = based on soil water content)" nomParam="codetesthumN">
          <choix code="1" nom="minimum rainfall threshold"/>
          <choix code="2" nom="soil moisture threshold"/>
        </option>
      </choix>
      <choix code="2" nom="no"/>
    </option>
  </formalisme>
  <formalisme nom="Residues decomposition">
    <option choix="2" nom="Limitation of N availability for residues decomposition in soil" nomParam="codeNmindec">
      <choix code="1" nom="yes">
        <param format="real" max="1.0" min="0.0" nom="rapNmindec">0.00100</param>
        <param format="real" max="1.0" min="0.0" nom="fNmindecmin">0.10000</param>
      </choix>
      <choix code="2" nom="no"/>
    </option>
  </formalisme>
  <formalisme nom="coupling with pathogen models">
    <option choix="1" nom="calculation of hourly dew temperature" nomParam="codetrosee">
      <choix code="1" nom="linear interpolation(actual calculation)"/>
      <choix code="2" nom="sinusoidal interpolation (Debele Bekele et al.,2007)"/>
    </option>
    <option choix="2" nom="calculation of surface wetness duration" nomParam="codeSWDRH">
      <choix code="1" nom="yes"/>
      <choix code="2" nom="no"/>
    </option>
  </formalisme>
  <formalisme nom="option for pasture ">
    <option choix="2" nom="activation of pasture" nomParam="option_pature">
      <choix code="1" nom="yes">
        <param format="integer" max="1" min="10" nom="coderes_pature">3</param>
        <param format="real" max="0" min="1" nom="pertes_restit_ext">0.2</param>
        <param format="real" max="0" min="20.0" nom="Crespc_pature">7.4</param>
        <param format="real" max="0" min="1.0" nom="Nminres_pature">0.45</param>
        <param format="real" max="0" min="100.0" nom="eaures_pature">87.0</param>
        <param format="real" max="1" min="10.0" nom="coef_calcul_qres">7.53</param>
        <param format="integer" max="1" min="10" nom="engrais_pature">3</param>
        <param format="real" max="1" min="30.0" nom="coef_calcul_doseN">16.25</param>
      </choix>
      <choix code="2" nom="no"/>
    </option>
  </formalisme>
  <formalisme nom="Mineralization models">
    <option choix="2" nom="CsurNsol dynamic" nomParam="code_CsurNsol_dynamic">
      <choix code="1" nom="yes"/>
      <choix code="2" nom="no"/>
    </option>
  </formalisme>
  <formalisme nom="New Roots">
    <param format="integer" max="1.0" min="0.0" nom="humirac">1</param>
  </formalisme>
  <formalisme nom="ISOP">
    <option choix="2" nom="activation of ISOP equations" nomParam="code_ISOP">
      <choix code="1" nom="yes">
        <option choix="2" nom="activation of legume fixation in grassland" nomParam="code_pct_legume">
          <choix code="1" nom="yes">
            <param format="real" max="1.0" min="0.0" nom="pct_legum">0.5</param>
          </choix>
          <choix code="2" nom="no"/>
        </option>
      </choix>
      <choix code="2" nom="no"/>
    </option>
  </formalisme>
</fichierparamgen>

