<?xml version="1.0" encoding="UTF-8" standalone="no"?>
<usms>
  <usm nom="banana">
    <datedebut>30</datedebut>
    <datefin>300</datefin>
    <finit>banane_ini.xml</finit>
    <nomsol>solbanane</nomsol>
    <fstation>climbanj_sta.xml</fstation>
    <fclim1>climbanj.1996</fclim1>
    <fclim2>climbanj.1996</fclim2>
    <culturean>1</culturean>
    <nbplantes>1</nbplantes>
    <codesimul>0</codesimul>
    <plante dominance="1">
      <fplt>proto_banana_plt.xml</fplt>
      <ftec>banane_tec.xml</ftec>
      <flai>null</flai>
    </plante>
    <plante dominance="2">
      <fplt>null</fplt>
      <ftec>null</ftec>
      <flai>null</flai>
    </plante>
  </usm>
	<usm nom="proto_rice">                                                                             
		<datedebut>100</datedebut>
		<datefin>300</datefin>
		<finit>proto_rice_ini.xml</finit>
		<nomsol>soil_rice</nomsol>
		<fstation>fourquej_sta.xml</fstation>
		<fclim1>fourquej.1988</fclim1>
		<fclim2>fourquej.1988</fclim2>
		<culturean>1</culturean>
		<nbplantes>1</nbplantes>
		<codesimul>0</codesimul>
		<plante dominance="1">
			<fplt>proto_rice_plt.xml</fplt>
			<ftec>proto_rice_tec.xml</ftec>
			<flai>null</flai>
		</plante>
		<plante dominance="2">
			<fplt>null</fplt>
			<ftec>null</ftec>
			<flai>null</flai>
		</plante>
	</usm>
</usms>
